transaction_id,date,category,merchant,amount,payment_method,day,month,year,day_of_week,is_weekend,amount_log,category_avg_amount,amount_vs_category_avg,category_encoded,merchant_encoded,payment_encoded,anomaly_prediction,anomaly_score,is_anomaly,amount_difference,amount_difference_percent,reason,severity
5738,2025-11-09 16:44:47.308730,Bills,Swiggy,59.96,Cash,9,11,2025,6,1,4.110217911378391,2588.439496459481,0.0231645360388042,0,7,0,-1,-0.0686386626027876,1,-2528.4794964594807,-97.68354639611957,Amount is significantly lower than the category average; Transaction occurred on a weekend,High
5984,2025-11-23 02:32:47.956795,Healthcare,Amazon,51.42,Cash,23,11,2025,6,1,3.95928819789526,2581.179936457506,0.0199211218380112,4,1,0,-1,-0.061526637063583,1,-2529.759936457506,-98.00788781619887,Amount is significantly lower than the category average; Transaction occurred on a weekend,High
5972,2025-11-22 10:50:56.705670,Travel,Amazon,71.16,Cash,22,11,2025,5,1,4.278885875754368,2612.472435275081,0.0272385649085354,7,1,0,-1,-0.0587942301811486,1,-2541.312435275081,-97.27614350914646,Amount is significantly lower than the category average; Transaction occurred on a weekend,High
3932,2025-08-03 06:15:44.014401,Bills,Flipkart,53416.66,Credit Card,3,8,2025,6,1,10.88589668188574,2588.439496459481,20.63662684527275,0,2,1,-1,-0.0546800076120341,1,50828.22050354052,1963.6626845272751,Amount is significantly higher than the category average; Transaction amount is unusually high; Transaction occurred on a weekend,High
7290,2026-02-02 06:57:55.787578,Bills,Zomato,67.04,Cash,2,2,2026,0,0,4.220095767527661,2588.439496459481,0.0258997747838798,0,9,0,-1,-0.0537070789105212,1,-2521.399496459481,-97.41002252161202,Amount is significantly lower than the category average,High
5733,2025-11-09 10:12:20.954095,Shopping,Airtel,50.05,Credit Card,9,11,2025,6,1,3.9328055446106736,2582.691050488599,0.0193790116671258,5,0,1,-1,-0.0530471794928949,1,-2532.641050488599,-98.06209883328741,Amount is significantly lower than the category average; Transaction occurred on a weekend,High
7262,2026-01-31 18:20:16.201620,Food,Flipkart,62.22,UPI,31,1,2026,5,1,4.146620706787472,2555.6312885375496,0.0243462350297038,3,2,3,-1,-0.0528684328908266,1,-2493.41128853755,-97.56537649702962,Amount is significantly lower than the category average; Transaction occurred on a weekend,High
8694,2026-04-19 19:34:52.169216,Travel,Airtel,31770.46,Debit Card,19,4,2026,6,1,10.366323681511394,2612.472435275081,12.161069939348364,7,0,2,-1,-0.0521648781841738,1,29157.987564724917,1116.1069939348363,Amount is significantly higher than the category average; Transaction amount is unusually high; Transaction occurred on a weekend,High
6228,2025-12-06 09:43:50.063006,Education,Uber,148.0,UPI,6,12,2025,5,1,5.003946305945459,2582.3797758206565,0.0573114773379786,1,8,3,-1,-0.0518152274964842,1,-2434.3797758206565,-94.26885226620213,Amount is significantly lower than the category average; Transaction occurred on a weekend,High
3419,2025-07-06 07:11:28.028802,Entertainment,Zomato,37578.97,Credit Card,6,7,2025,6,1,10.534226474670172,2666.7235731225296,14.09181303182388,2,9,1,-1,-0.0502380594987617,1,34912.24642687747,1309.1813031823879,Amount is significantly higher than the category average; Transaction amount is unusually high; Transaction occurred on a weekend,High
6018,2025-11-24 23:01:23.168316,Travel,Local Store,24150.58,Cash,24,11,2025,0,0,10.092105081371276,2612.472435275081,9.244338686182946,7,3,0,-1,-0.0501061436088193,1,21538.10756472492,824.4338686182946,Amount is significantly higher than the category average; Transaction amount is unusually high,High
6382,2025-12-14 19:10:57.785778,Healthcare,Uber,86.62,UPI,14,12,2025,6,1,4.473009282385752,2581.179936457506,0.0335582958694774,4,8,3,-1,-0.0500487336702628,1,-2494.559936457506,-96.64417041305225,Amount is significantly lower than the category average; Transaction occurred on a weekend,High
7532,2026-02-15 11:31:59.351935,Healthcare,Zomato,52656.1,Credit Card,15,2,2026,6,1,10.87155636127182,2581.179936457506,20.400011349951416,4,9,1,-1,-0.0478854138669275,1,50074.92006354249,1940.0011349951417,Amount is significantly higher than the category average; Transaction amount is unusually high; Transaction occurred on a weekend,High
6710,2026-01-01 16:14:58.649864,Travel,Zomato,69.81,Cash,1,1,2026,3,0,4.260000233663683,2612.472435275081,0.0267218130447563,7,9,0,-1,-0.0475905085904989,1,-2542.662435275081,-97.32781869552437,Amount is significantly lower than the category average,Medium
492,2025-01-27 18:17:32.025202,Bills,Airtel,67.88,Debit Card,27,1,2025,0,0,4.232365860119475,2588.439496459481,0.0262242946349905,0,0,2,-1,-0.0457940361884617,1,-2520.5594964594807,-97.37757053650094,Amount is significantly lower than the category average,Medium
5615,2025-11-02 23:50:46.984698,Bills,Uber,203.36,Debit Card,2,11,2025,6,1,5.319883144462597,2588.439496459481,0.0785647106212681,0,8,2,-1,-0.0456874050584886,1,-2385.0794964594807,-92.14352893787319,Amount is significantly lower than the category average; Transaction occurred on a weekend,Medium
6357,2025-12-13 10:28:46.012601,Bills,Amazon,180.45,Cash,13,12,2025,5,1,5.200980133659079,2588.439496459481,0.0697138180153807,0,1,0,-1,-0.0450024261031247,1,-2407.989496459481,-93.02861819846193,Amount is significantly lower than the category average; Transaction occurred on a weekend,Medium
8319,2026-03-30 09:01:55.571557,Shopping,Airtel,61.15,Cash,30,3,2026,0,0,4.12955081795672,2582.691050488599,0.0236768544144803,5,0,0,-1,-0.0435611164135949,1,-2521.541050488599,-97.63231455855195,Amount is significantly lower than the category average,Medium
5570,2025-10-31 12:58:49.792979,Education,Flipkart,73.01,Cash,31,10,2025,4,0,4.304200219209375,2582.3797758206565,0.0282723713543636,1,2,0,-1,-0.0428873730362004,1,-2509.3697758206563,-97.17276286456362,Amount is significantly lower than the category average,Medium
5732,2025-11-09 08:53:51.683168,Bills,Airtel,192.42,Debit Card,9,11,2025,6,1,5.264863990288817,2588.439496459481,0.0743382258937077,0,0,2,-1,-0.0427681959262178,1,-2396.0194964594807,-92.56617741062922,Amount is significantly lower than the category average; Transaction occurred on a weekend,Medium
6247,2025-12-07 10:35:06.210621,Bills,Reliance,158.81,Credit Card,7,12,2025,6,1,5.073985609597018,2588.439496459481,0.0613535685177202,0,6,1,-1,-0.0424370754354346,1,-2429.629496459481,-93.86464314822798,Amount is significantly lower than the category average; Transaction occurred on a weekend,Medium
1115,2025-03-02 17:15:27.812781,Education,Swiggy,51.19,Cash,2,3,2025,6,1,3.9548909056553216,2582.3797758206565,0.0198228008441292,1,7,0,-1,-0.0422265871280898,1,-2531.1897758206565,-98.01771991558708,Amount is significantly lower than the category average; Transaction occurred on a weekend,Medium
8940,2026-05-03 05:22:52.817281,Transport,Swiggy,56.11,Cash,3,5,2026,6,1,4.044979232676772,2469.707294213529,0.0227192915255441,6,7,0,-1,-0.0416017459134564,1,-2413.597294213529,-97.72807084744558,Amount is significantly lower than the category average; Transaction occurred on a weekend,Medium
6408,2025-12-16 05:11:38.829882,Bills,Airtel,123.9,UPI,16,12,2025,1,0,4.827513417131532,2588.439496459481,0.0478666780388233,0,0,3,-1,-0.040056298028515,1,-2464.5394964594807,-95.21333219611766,Amount is significantly lower than the category average,Medium
8322,2026-03-30 12:57:23.384338,Bills,Airtel,98.81,UPI,30,3,2026,0,0,4.603268378698495,2588.439496459481,0.0381735791526726,0,0,3,-1,-0.0385519353090478,1,-2489.629496459481,-96.18264208473273,Amount is significantly lower than the category average,Medium
6584,2025-12-25 19:25:30.513051,Healthcare,Flipkart,51.65,Cash,25,12,2025,3,0,3.963666238579985,2581.179936457506,0.0200102283728759,4,2,0,-1,-0.0382146038608433,1,-2529.5299364575058,-97.99897716271241,Amount is significantly lower than the category average,Medium
5648,2025-11-04 19:00:52.925292,Transport,Uber,94.57,UPI,4,11,2025,1,0,4.559858963278089,2469.707294213529,0.0382919871604118,6,8,3,-1,-0.0378522590344122,1,-2375.137294213529,-96.17080128395881,Amount is significantly lower than the category average,Medium
6091,2025-11-28 22:30:59.945994,Transport,Amazon,87.92,UPI,28,11,2025,4,0,4.487737089095996,2469.707294213529,0.035599360380072,6,1,3,-1,-0.0367066778780468,1,-2381.787294213529,-96.44006396199279,Amount is significantly lower than the category average,Medium
6106,2025-11-29 18:08:19.009900,Transport,Zomato,4849.83,UPI,29,11,2025,5,1,8.486905103310391,2469.707294213529,1.9637266373076057,6,9,3,-1,-0.0366658718949878,1,2380.1227057864708,96.37266373076059,Amount is higher than the category average; Transaction amount is unusually high; Transaction occurred on a weekend,Medium
5579,2025-11-01 00:45:13.231323,Travel,Uber,4932.33,UPI,1,11,2025,5,1,8.503769495408193,2612.472435275081,1.887993126128677,7,8,3,-1,-0.0365747178519293,1,2319.857564724919,88.79931261286778,Amount is higher than the category average; Transaction amount is unusually high; Transaction occurred on a weekend,Medium
5890,2025-11-17 23:34:56.489648,Bills,Airtel,203.6,UPI,17,11,2025,0,0,5.321056853517526,2588.439496459481,0.0786574305787282,0,0,3,-1,-0.0365485579829728,1,-2384.839496459481,-92.13425694212718,Amount is significantly lower than the category average,Medium
6500,2025-12-21 05:32:31.755175,Bills,Reliance,345.71,UPI,21,12,2025,6,1,5.848488695655459,2588.439496459481,0.1335592353898435,0,6,3,-1,-0.0364294227717436,1,-2242.7294964594807,-86.64407646101564,Amount is significantly lower than the category average; Transaction occurred on a weekend,Medium
7523,2026-02-14 23:45:35.913591,Healthcare,Zomato,26195.47,UPI,14,2,2026,5,1,10.173379947847478,2581.179936457506,10.148641568921963,4,9,3,-1,-0.035367987910065,1,23614.290063542496,914.8641568921965,Amount is significantly higher than the category average; Transaction amount is unusually high; Transaction occurred on a weekend,High
3540,2025-07-12 21:28:29.810981,Bills,Zomato,21728.23,Debit Card,12,7,2025,5,1,9.986413637739997,2588.439496459481,8.394335672021814,0,9,2,-1,-0.0351783398528023,1,19139.79050354052,739.4335672021814,Amount is significantly higher than the category average; Transaction amount is unusually high; Transaction occurred on a weekend,High
6275,2025-12-08 23:12:45.796579,Travel,Airtel,210.61,Debit Card,8,12,2025,0,0,5.35474495784668,2612.472435275081,0.0806171185411278,7,0,2,-1,-0.0341430124540605,1,-2401.8624352750808,-91.93828814588721,Amount is significantly lower than the category average,Medium
4045,2025-08-09 10:04:51.629162,Education,Airtel,79.19,UPI,9,8,2025,5,1,4.384398818818937,2582.3797758206565,0.030665512772936,1,0,3,-1,-0.0334201684540966,1,-2503.1897758206565,-96.9334487227064,Amount is significantly lower than the category average; Transaction occurred on a weekend,Medium
6717,2026-01-02 01:24:23.546354,Transport,Myntra,66.3,Cash,2,1,2026,4,0,4.209160236650682,2469.707294213529,0.0268452865468468,6,4,0,-1,-0.0332744505890164,1,-2403.407294213529,-97.3154713453153,Amount is significantly lower than the category average,Medium
6185,2025-12-04 01:28:51.413141,Entertainment,Airtel,101.82,UPI,4,12,2025,3,0,4.632979886627359,2666.7235731225296,0.038181685205856,2,0,3,-1,-0.0324820274437082,1,-2564.9035731225295,-96.1818314794144,Amount is significantly lower than the category average,Medium
6249,2025-12-07 13:12:04.752475,Shopping,Amazon,318.63,Cash,7,12,2025,6,1,5.767164076821024,2582.691050488599,0.1233713184314945,5,1,0,-1,-0.032430130870404,1,-2264.061050488599,-87.66286815685055,Amount is significantly lower than the category average; Transaction occurred on a weekend,Medium
6114,2025-11-30 04:36:13.177317,Education,Airtel,509.08,Cash,30,11,2025,6,1,6.234567576161796,2582.3797758206565,0.1971359924541769,1,0,0,-1,-0.0323232459949798,1,-2073.2997758206566,-80.2864007545823,Amount is significantly lower than the category average; Transaction occurred on a weekend,Medium
6521,2025-12-22 09:00:46.444644,Education,Zomato,8940.93,Cash,22,12,2025,0,0,9.098506728536938,2582.3797758206565,3.462283155915228,1,9,0,-1,-0.0319512717257566,1,6358.550224179344,246.22831559152277,Amount is significantly higher than the category average; Transaction amount is unusually high,High
485,2025-01-27 09:08:07.128712,Bills,Flipkart,89.89,UPI,27,1,2025,0,0,4.509649984130679,2588.439496459481,0.0347274874004021,0,2,3,-1,-0.0318779837738841,1,-2498.549496459481,-96.52725125995978,Amount is significantly lower than the category average,Medium
5870,2025-11-16 21:25:11.071107,Travel,Airtel,379.11,Cash,16,11,2025,6,1,5.940460684515219,2612.472435275081,0.1451154067239302,7,0,0,-1,-0.0316032031668646,1,-2233.3624352750808,-85.48845932760698,Amount is significantly lower than the category average; Transaction occurred on a weekend,Medium
3411,2025-07-05 20:43:33.861386,Entertainment,Amazon,67.06,UPI,5,7,2025,5,1,4.22038966907276,2666.7235731225296,0.0251469633657896,2,1,3,-1,-0.0314007492798735,1,-2599.6635731225297,-97.48530366342104,Amount is significantly lower than the category average; Transaction occurred on a weekend,Medium
5879,2025-11-17 09:11:34.509450,Transport,Airtel,129.58,Cash,17,11,2025,0,0,4.871986065758487,2469.707294213529,0.0524677561197649,6,0,0,-1,-0.0313752287345656,1,-2340.1272942135292,-94.75322438802351,Amount is significantly lower than the category average,Medium
3525,2025-07-12 01:51:10.747074,Education,Myntra,55.76,UPI,12,7,2025,5,1,4.038831852291842,2582.3797758206565,0.0215924863267952,1,4,3,-1,-0.031296636095758,1,-2526.6197758206563,-97.84075136732046,Amount is significantly lower than the category average; Transaction occurred on a weekend,Medium
4886,2025-09-24 06:13:08.478847,Bills,Airtel,87.97,UPI,24,9,2025,2,0,4.488299234256676,2588.439496459481,0.0339857277407206,0,0,3,-1,-0.0312504796856927,1,-2500.469496459481,-96.60142722592794,Amount is significantly lower than the category average,Medium
9335,2026-05-24 18:05:34.833483,Entertainment,Local Store,38405.35,Cash,24,5,2026,6,1,10.555978089487937,2666.7235731225296,14.401698918883543,2,3,0,-1,-0.0304972328341641,1,35738.62642687747,1340.1698918883544,Amount is significantly higher than the category average; Transaction amount is unusually high; Transaction occurred on a weekend,High
5028,2025-10-01 23:58:24.950495,Education,Myntra,71.58,Cash,1,10,2025,2,0,4.284689401784925,2582.3797758206565,0.027718618566571,1,4,0,-1,-0.03000665111022,1,-2510.7997758206566,-97.2281381433429,Amount is significantly lower than the category average,Medium
5076,2025-10-04 14:45:49.954995,Bills,Swiggy,227.85,Cash,4,10,2025,5,1,5.433066767099651,2588.439496459481,0.0880260096137683,0,7,0,-1,-0.0299625620412551,1,-2360.589496459481,-91.19739903862317,Amount is significantly lower than the category average; Transaction occurred on a weekend,Medium
5773,2025-11-11 14:31:51.791179,Bills,Reliance,28285.78,Credit Card,11,11,2025,1,0,10.250149836679284,2588.439496459481,10.92773465970128,0,6,1,-1,-0.0294098196557415,1,25697.34050354052,992.7734659701281,Amount is significantly higher than the category average; Transaction amount is unusually high,High
5164,2025-10-09 09:52:45.796579,Education,Amazon,54.24,Cash,9,10,2025,3,0,4.0116873285410914,2582.3797758206565,0.0210038819649457,1,1,0,-1,-0.0289515004404699,1,-2528.1397758206567,-97.89961180350544,Amount is significantly lower than the category average,Medium
704,2025-02-08 07:36:57.461746,Travel,Zomato,127.26,Cash,8,2,2025,5,1,4.8540594537207165,2612.472435275081,0.0487124756922459,7,9,0,-1,-0.0289405245763854,1,-2485.2124352750807,-95.12875243077539,Amount is significantly lower than the category average; Transaction occurred on a weekend,Medium
6351,2025-12-13 02:37:50.387038,Transport,Netflix,120.24,UPI,13,12,2025,5,1,4.797772052189602,2469.707294213529,0.0486859314388064,6,5,3,-1,-0.0286904640144569,1,-2349.4672942135294,-95.13140685611937,Amount is significantly lower than the category average; Transaction occurred on a weekend,Medium
6243,2025-12-07 05:21:09.126912,Travel,Zomato,388.63,Debit Card,7,12,2025,6,1,5.965197570857262,2612.472435275081,0.148759464311469,7,9,2,-1,-0.0286813031930586,1,-2223.842435275081,-85.1240535688531,Amount is significantly lower than the category average; Transaction occurred on a weekend,Medium
5886,2025-11-17 18:20:59.405940,Education,Netflix,95.42,UPI,17,11,2025,0,0,4.568713648977476,2582.3797758206565,0.0369504132945265,1,5,3,-1,-0.0281988628167919,1,-2486.9597758206564,-96.30495867054735,Amount is significantly lower than the category average,Medium
4689,2025-09-13 12:31:02.106210,Education,Uber,108.57,UPI,13,9,2025,5,1,4.696563614417302,2582.3797758206565,0.0420426155039482,1,8,3,-1,-0.0280868021352446,1,-2473.8097758206563,-95.79573844960517,Amount is significantly lower than the category average; Transaction occurred on a weekend,Medium
5457,2025-10-25 09:09:42.178217,Transport,Airtel,112.47,Debit Card,25,10,2025,5,1,4.731538484802898,2469.707294213529,0.0455398096217777,6,0,2,-1,-0.0279375611248225,1,-2357.2372942135294,-95.44601903782223,Amount is significantly lower than the category average; Transaction occurred on a weekend,Medium
6008,2025-11-24 09:56:30.459045,Education,Zomato,169.92,Credit Card,24,11,2025,0,0,5.141195610775824,2582.3797758206565,0.0657997718193874,1,9,1,-1,-0.0276702741256666,1,-2412.4597758206564,-93.42002281806126,Amount is significantly lower than the category average,Medium
6821,2026-01-07 17:27:07.722772,Bills,Uber,34384.12,Debit Card,7,1,2026,2,0,10.445379191641695,2588.439496459481,13.28372559877536,0,8,2,-1,-0.0273309039369419,1,31795.680503540523,1228.3725598775359,Amount is significantly higher than the category average; Transaction amount is unusually high,High
5771,2025-11-11 11:54:53.249324,Education,Myntra,63.83,Cash,11,11,2025,1,0,4.171768459186905,2582.3797758206565,0.024717510800562,1,4,0,-1,-0.0270744347574899,1,-2518.5497758206566,-97.5282489199438,Amount is significantly lower than the category average,Medium
5043,2025-10-02 19:35:44.014401,Transport,Swiggy,71.55,UPI,2,10,2025,3,0,4.2842759793301965,2469.707294213529,0.0289710445313256,6,7,3,-1,-0.0270675704559885,1,-2398.157294213529,-97.10289554686743,Amount is significantly lower than the category average,Medium
6151,2025-12-02 05:00:16.201620,Bills,Amazon,4976.15,UPI,2,12,2025,1,0,8.512612717042128,2588.439496459481,1.922451734648029,0,1,3,-1,-0.0270301095202623,1,2387.710503540519,92.2451734648029,Amount is higher than the category average; Transaction amount is unusually high,Medium
5728,2025-11-09 03:39:54.599459,Travel,Airtel,316.83,Credit Card,9,11,2025,6,1,5.761516648640389,2612.472435275081,0.1212759207415864,7,0,1,-1,-0.0268009092210687,1,-2295.642435275081,-87.87240792584136,Amount is significantly lower than the category average; Transaction occurred on a weekend,Medium
3912,2025-08-02 04:05:58.595859,Healthcare,Local Store,14748.02,UPI,2,8,2025,5,1,9.59893191888272,2581.179936457506,5.713673731805252,4,3,3,-1,-0.0267407070047615,1,12166.840063542495,471.3673731805252,Amount is significantly higher than the category average; Transaction amount is unusually high; Transaction occurred on a weekend,High
3788,2025-07-26 09:53:29.000900,Food,Reliance,65.47,Cash,26,7,2025,5,1,4.19675071805349,2555.6312885375496,0.0256179364737176,3,6,0,-1,-0.0260034510382395,1,-2490.16128853755,-97.43820635262824,Amount is significantly lower than the category average; Transaction occurred on a weekend,Medium
6132,2025-12-01 04:09:00.054005,Bills,Local Store,389.11,UPI,1,12,2025,0,0,5.966428750636759,2588.439496459481,0.1503260943638947,0,3,3,-1,-0.025299043015638,1,-2199.3294964594807,-84.96739056361052,Amount is significantly lower than the category average,Medium
6424,2025-12-17 02:07:27.164716,Education,Uber,73.56,Credit Card,17,12,2025,2,0,4.311604170377335,2582.3797758206565,0.0284853531958223,1,8,1,-1,-0.0249540874486204,1,-2508.8197758206566,-97.15146468041776,Amount is significantly lower than the category average,Medium
2634,2025-05-24 12:18:30.351035,Entertainment,Airtel,67.85,Debit Card,24,5,2025,5,1,4.231930225174664,2666.7235731225296,0.025443207043973,2,0,2,-1,-0.0249014945279125,1,-2598.8735731225297,-97.4556792956027,Amount is significantly lower than the category average; Transaction occurred on a weekend,Medium
6299,2025-12-10 06:36:28.298829,Bills,Zomato,260.03,UPI,10,12,2025,2,0,5.564635343246042,2588.439496459481,0.1004582105765555,0,9,3,-1,-0.0243937895084727,1,-2328.4094964594806,-89.95417894234443,Amount is significantly lower than the category average,Medium
6370,2025-12-14 03:29:06.534653,Transport,Netflix,12775.5,Credit Card,14,12,2025,6,1,9.455362825008834,2469.707294213529,5.172880215373183,6,5,1,-1,-0.0241470661524769,1,10305.79270578647,417.28802153731823,Amount is significantly higher than the category average; Transaction amount is unusually high; Transaction occurred on a weekend,High
6556,2025-12-24 06:47:50.927092,Entertainment,Uber,80.39,Debit Card,24,12,2025,2,0,4.399252415338951,2666.7235731225296,0.0301456066951361,2,8,2,-1,-0.0236999496635339,1,-2586.3335731225297,-96.98543933048639,Amount is significantly lower than the category average,Medium
4046,2025-08-09 11:23:20.900090,Bills,Airtel,223.41,Cash,9,8,2025,5,1,5.413474735935485,2588.439496459481,0.0863106904007548,0,0,0,-1,-0.0235747764314997,1,-2365.029496459481,-91.36893095992453,Amount is significantly lower than the category average; Transaction occurred on a weekend,Medium
6803,2026-01-06 17:54:20.846084,Travel,Local Store,18533.08,Cash,6,1,2026,1,0,9.827366478528818,2612.472435275081,7.0940767641242335,7,3,0,-1,-0.0235058930946856,1,15920.60756472492,609.4076764124234,Amount is significantly higher than the category average; Transaction amount is unusually high,High
7390,2026-02-07 17:46:42.880288,Travel,Uber,70.39,Credit Card,7,2,2026,5,1,4.268157803514369,2612.472435275081,0.0269438249566021,7,8,1,-1,-0.023396853646305,1,-2542.082435275081,-97.30561750433979,Amount is significantly lower than the category average; Transaction occurred on a weekend,Medium
2269,2025-05-04 14:50:26.462646,Bills,Myntra,118.42,UPI,4,5,2025,6,1,4.782646691118846,2588.439496459481,0.0457495723434823,0,4,3,-1,-0.0232222913347431,1,-2470.0194964594807,-95.42504276565177,Amount is significantly lower than the category average; Transaction occurred on a weekend,Medium
7789,2026-03-01 11:43:21.980198,Entertainment,Amazon,104.44,Credit Card,1,3,2026,6,1,4.658142070754197,2666.7235731225296,0.0391641642398311,2,1,1,-1,-0.023217072651534,1,-2562.2835731225296,-96.08358357601688,Amount is significantly lower than the category average; Transaction occurred on a weekend,Medium
7376,2026-02-06 23:27:53.087308,Healthcare,Zomato,59.06,UPI,6,2,2026,4,0,4.095344062555184,2581.179936457506,0.0228810084743862,4,9,3,-1,-0.0228431612724774,1,-2522.119936457506,-97.71189915256137,Amount is significantly lower than the category average,Medium
5632,2025-11-03 22:05:04.590459,Bills,Flipkart,4973.41,UPI,3,11,2025,0,0,8.512062049595167,2588.439496459481,1.921393181800359,0,2,3,-1,-0.021797398146784,1,2384.970503540519,92.13931818003586,Amount is higher than the category average; Transaction amount is unusually high,Medium
871,2025-02-17 10:04:25.706570,Bills,Airtel,86.65,Debit Card,17,2,2025,0,0,4.473351611367243,2588.439496459481,0.0334757679746896,0,0,2,-1,-0.0216041570005656,1,-2501.7894964594807,-96.65242320253104,Amount is significantly lower than the category average,Medium
4076,2025-08-11 02:37:59.027902,Bills,Zomato,157.62,UPI,11,8,2025,0,0,5.066511404655174,2588.439496459481,0.0608938320619801,0,9,3,-1,-0.0214799818558765,1,-2430.819496459481,-93.91061679380199,Amount is significantly lower than the category average,Medium
9451,2026-05-31 01:50:10.261026,Food,Myntra,121.72,UPI,31,5,2026,6,1,4.809905337618946,2555.6312885375496,0.0476281537739561,3,4,3,-1,-0.0214058832220347,1,-2433.91128853755,-95.2371846226044,Amount is significantly lower than the category average; Transaction occurred on a weekend,Medium
8437,2026-04-05 19:23:29.540954,Travel,Flipkart,160.71,Cash,5,4,2026,6,1,5.085804607589853,2612.472435275081,0.0615164385392177,7,2,0,-1,-0.0210259919004409,1,-2451.762435275081,-93.84835614607823,Amount is significantly lower than the category average; Transaction occurred on a weekend,Medium
7196,2026-01-28 04:00:04.320432,Travel,Airtel,127.13,Cash,28,1,2026,2,0,4.853045373521485,2612.472435275081,0.0486627144016598,7,0,0,-1,-0.0209911343816703,1,-2485.342435275081,-95.13372855983401,Amount is significantly lower than the category average,Medium
6105,2025-11-29 16:49:49.738973,Travel,Reliance,198.86,Credit Card,29,11,2025,5,1,5.297617121433643,2612.472435275081,0.0761194634304576,7,6,1,-1,-0.0208341885479838,1,-2413.6124352750808,-92.38805365695424,Amount is significantly lower than the category average; Transaction occurred on a weekend,Medium
466,2025-01-26 08:16:50.981098,Education,Netflix,13243.08,Cash,26,1,2025,6,1,9.49130593912005,2582.3797758206565,5.128246481790801,1,5,0,-1,-0.0206809268123295,1,10660.700224179343,412.8246481790801,Amount is significantly higher than the category average; Transaction amount is unusually high; Transaction occurred on a weekend,High
752,2025-02-10 22:24:22.466246,Bills,Uber,55.59,Debit Card,10,2,2025,0,0,4.035832291154432,2588.439496459481,0.0214762601467166,0,8,2,-1,-0.0204584908396344,1,-2532.8494964594806,-97.85237398532833,Amount is significantly lower than the category average,Medium
4492,2025-09-02 18:48:55.733573,Bills,Uber,82.18,Debit Card,2,9,2025,1,0,4.421006934314765,2588.439496459481,0.0317488587669935,0,8,2,-1,-0.0204328565060284,1,-2506.259496459481,-96.82511412330065,Amount is significantly lower than the category average,Medium
6123,2025-11-30 16:22:36.615661,Healthcare,Zomato,4956.16,Credit Card,30,11,2025,6,1,8.508588275086915,2581.179936457506,1.920114103630448,4,9,1,-1,-0.0201905102286488,1,2374.980063542494,92.01141036304477,Amount is higher than the category average; Transaction amount is unusually high; Transaction occurred on a weekend,Medium
7781,2026-03-01 01:15:27.812781,Transport,Myntra,125.07,Cash,1,3,2026,6,1,4.836837308243178,2469.707294213529,0.0506416287845269,6,4,0,-1,-0.0200501331887487,1,-2344.637294213529,-94.9358371215473,Amount is significantly lower than the category average; Transaction occurred on a weekend,Medium
6118,2025-11-30 09:50:10.261026,Education,Swiggy,4779.54,UPI,30,11,2025,6,1,8.472308789816088,2582.3797758206565,1.850827691864612,1,7,3,-1,-0.0200261712965056,1,2197.1602241793435,85.0827691864612,Amount is higher than the category average; Transaction amount is unusually high; Transaction occurred on a weekend,Medium
2624,2025-05-23 23:13:37.641764,Travel,Airtel,24010.57,Credit Card,23,5,2025,4,0,10.08629107649858,2612.472435275081,9.190745776221672,7,0,1,-1,-0.0196701508340564,1,21398.097564724918,819.0745776221673,Amount is significantly higher than the category average; Transaction amount is unusually high,High
6262,2025-12-08 06:12:25.274527,Education,Uber,247.37,Debit Card,8,12,2025,0,0,5.514919569818824,2582.3797758206565,0.0957914874938904,1,8,2,-1,-0.0196432265705686,1,-2335.0097758206566,-90.42085125061095,Amount is significantly lower than the category average,Medium
9175,2026-05-16 00:47:31.485148,Food,Uber,26013.96,Credit Card,16,5,2026,5,1,10.166427036148743,2555.6312885375496,10.17907399892822,3,8,1,-1,-0.0195758286065897,1,23458.32871146245,917.9073998928222,Amount is significantly higher than the category average; Transaction amount is unusually high; Transaction occurred on a weekend,High
4447,2025-08-31 07:56:58.541854,Healthcare,Zomato,370.29,Cash,31,8,2025,6,1,5.916983428420674,2581.179936457506,0.1434576469349897,4,9,0,-1,-0.0195598824319717,1,-2210.889936457506,-85.65423530650104,Amount is significantly lower than the category average; Transaction occurred on a weekend,Medium
6562,2025-12-24 14:38:46.552655,Bills,Myntra,176.12,Cash,24,12,2025,2,0,5.176827468960327,2588.439496459481,0.0680409954495364,0,4,0,-1,-0.0195457596669067,1,-2412.319496459481,-93.19590045504636,Amount is significantly lower than the category average,Medium
2757,2025-05-31 05:12:30.675067,Food,Zomato,220.0,Cash,31,5,2025,5,1,5.3981627015177525,2555.6312885375496,0.0860844054409328,3,9,0,-1,-0.0193604942637857,1,-2335.6312885375496,-91.39155945590672,Amount is significantly lower than the category average; Transaction occurred on a weekend,Medium
7036,2026-01-19 10:42:00.972097,Transport,Reliance,81.65,Cash,19,1,2026,0,0,4.4146148242670336,2469.707294213529,0.0330605979871801,6,6,0,-1,-0.0192632037300098,1,-2388.057294213529,-96.69394020128198,Amount is significantly lower than the category average,Medium
8669,2026-04-18 10:52:40.396039,Bills,Amazon,83.76,Credit Card,18,4,2026,5,1,4.4398237334000985,2588.439496459481,0.0323592651536064,0,1,1,-1,-0.0187447908297594,1,-2504.6794964594806,-96.76407348463934,Amount is significantly lower than the category average; Transaction occurred on a weekend,Medium
728,2025-02-09 15:00:39.963996,Shopping,Local Store,53.17,Debit Card,9,2,2025,6,1,3.992127249669808,2582.691050488599,0.0205870539528687,5,3,2,-1,-0.018596717906816,1,-2529.521050488599,-97.94129460471312,Amount is significantly lower than the category average; Transaction occurred on a weekend,Medium
1652,2025-03-31 23:43:26.300630,Healthcare,Amazon,93.67,UPI,31,3,2025,0,0,4.5503971601408,2581.179936457506,0.0362896048729387,4,1,3,-1,-0.0185035406852354,1,-2487.509936457506,-96.37103951270612,Amount is significantly lower than the category average,Medium
4111,2025-08-13 00:25:03.510351,Transport,Swiggy,52.09,UPI,13,8,2025,2,0,3.97198858659558,2469.707294213529,0.0210915682688575,6,7,3,-1,-0.0183133830197602,1,-2417.617294213529,-97.89084317311423,Amount is significantly lower than the category average,Medium
4857,2025-09-22 16:16:59.621962,Bills,Airtel,189.51,Debit Card,22,9,2025,0,0,5.249704686627344,2588.439496459481,0.0732139964095029,0,0,2,-1,-0.0182960150073574,1,-2398.929496459481,-92.67860035904971,Amount is significantly lower than the category average,Medium
8429,2026-04-05 08:55:35.373537,Transport,Flipkart,114.71,Cash,5,4,2026,6,1,4.751087060888247,2469.707294213529,0.0464467996951553,6,2,0,-1,-0.0182739272852735,1,-2354.997294213529,-95.35532003048446,Amount is significantly lower than the category average; Transaction occurred on a weekend,Medium
4955,2025-09-28 00:28:48.172817,Shopping,Flipkart,226.33,UPI,28,9,2025,6,1,5.426402706311255,2582.691050488599,0.0876334008116001,5,2,3,-1,-0.0181880817716172,1,-2356.361050488599,-91.23665991883999,Amount is significantly lower than the category average; Transaction occurred on a weekend,Medium
6917,2026-01-12 23:01:57.731773,Education,Amazon,81.57,Debit Card,12,1,2026,0,0,4.413646418429337,2582.3797758206565,0.0315871432868846,1,1,2,-1,-0.0180069856921455,1,-2500.8097758206563,-96.84128567131154,Amount is significantly lower than the category average,Medium
2387,2025-05-11 01:12:00.432043,Transport,Airtel,159.72,UPI,11,5,2025,6,1,5.079663720506679,2469.707294213529,0.0646716314820871,6,0,3,-1,-0.0174949619473955,1,-2309.9872942135294,-93.53283685179129,Amount is significantly lower than the category average; Transaction occurred on a weekend,Medium
6738,2026-01-03 04:52:38.235823,Bills,Swiggy,227.43,Debit Card,3,1,2026,5,1,5.431229817667778,2588.439496459481,0.087863749688213,0,7,2,-1,-0.017449619397116,1,-2361.009496459481,-91.21362503117871,Amount is significantly lower than the category average; Transaction occurred on a weekend,Medium
328,2025-01-18 19:45:31.593159,Education,Uber,159.54,UPI,18,1,2025,5,1,5.078543132703431,2582.3797758206565,0.061780223611494,1,8,3,-1,-0.0174158507146537,1,-2422.8397758206565,-93.8219776388506,Amount is significantly lower than the category average; Transaction occurred on a weekend,Medium
9438,2026-05-30 08:49:49.738973,Bills,Zomato,360.72,Debit Card,30,5,2026,5,1,5.89087043187228,2588.439496459481,0.1393580960626663,0,9,2,-1,-0.0173108797078249,1,-2227.719496459481,-86.06419039373337,Amount is significantly lower than the category average; Transaction occurred on a weekend,Medium
6620,2025-12-27 18:31:04.266426,Entertainment,Netflix,300.17,Cash,27,12,2025,5,1,5.707674889371545,2666.7235731225296,0.1125613479497329,2,5,0,-1,-0.0165163771127592,1,-2366.5535731225295,-88.74386520502671,Amount is significantly lower than the category average; Transaction occurred on a weekend,Medium
8923,2026-05-02 07:08:35.211521,Education,Amazon,177.24,UPI,2,5,2026,5,1,5.183130956738919,2582.3797758206565,0.0686343665093469,1,1,3,-1,-0.0165163707941214,1,-2405.1397758206567,-93.13656334906531,Amount is significantly lower than the category average; Transaction occurred on a weekend,Medium
7141,2026-01-25 04:03:14.419441,Education,Netflix,160.53,Debit Card,25,1,2026,6,1,5.084690883925667,2582.3797758206565,0.0621635909261197,1,5,2,-1,-0.0163671320327959,1,-2421.8497758206563,-93.78364090738802,Amount is significantly lower than the category average; Transaction occurred on a weekend,Medium
6117,2025-11-30 08:31:40.990099,Bills,Airtel,1995.08,Cash,30,11,2025,6,1,7.598940536228541,2588.439496459481,0.7707655530403204,0,0,0,-1,-0.0160436129826128,1,-593.3594964594809,-22.92344469596797,Transaction occurred on a weekend,Medium
3599,2025-07-16 02:39:16.795679,Travel,Swiggy,62.64,Debit Card,16,7,2025,2,0,4.153242203469586,2612.472435275081,0.0239772864793516,7,7,2,-1,-0.015788856156317,1,-2549.832435275081,-97.60227135206485,Amount is significantly lower than the category average,Medium
6385,2025-12-14 23:06:25.598559,Travel,Airtel,4761.96,Credit Card,14,12,2025,6,1,8.468624602697153,2612.472435275081,1.822779040919752,7,0,1,-1,-0.0156417608142289,1,2149.487564724919,82.27790409197517,Amount is higher than the category average; Transaction occurred on a weekend,Medium
6506,2025-12-21 13:23:27.380738,Bills,Airtel,4272.1,UPI,21,12,2025,6,1,8.36009483813171,2588.439496459481,1.6504538761069996,0,0,3,-1,-0.0155922317428331,1,1683.6605035405196,65.04538761069996,Amount is higher than the category average; Transaction occurred on a weekend,Medium
3344,2025-07-02 05:04:52.709270,Transport,Netflix,50.87,Debit Card,2,7,2025,2,0,3.9487405883633087,2469.707294213529,0.0205975826038929,6,5,2,-1,-0.0155752141414453,1,-2418.8372942135293,-97.94024173961071,Amount is significantly lower than the category average,Medium
6514,2025-12-21 23:51:21.548154,Food,Netflix,209.85,Debit Card,21,12,2025,6,1,5.351146980192569,2555.6312885375496,0.0821127840080897,3,5,2,-1,-0.0155433769831169,1,-2345.7812885375497,-91.78872159919102,Amount is significantly lower than the category average; Transaction occurred on a weekend,Medium
4190,2025-08-17 07:45:35.913591,Entertainment,Zomato,229.55,UPI,17,8,2025,6,1,5.440467758652715,2666.7235731225296,0.0860794130721297,2,9,3,-1,-0.0155298144098181,1,-2437.1735731225294,-91.39205869278702,Amount is significantly lower than the category average; Transaction occurred on a weekend,Medium
2770,2025-05-31 22:12:51.197119,Bills,Swiggy,289.68,Cash,31,5,2025,5,1,5.672223005748435,2588.439496459481,0.1119129886544499,0,7,0,-1,-0.0154202044172216,1,-2298.759496459481,-88.80870113455501,Amount is significantly lower than the category average; Transaction occurred on a weekend,Medium
6494,2025-12-20 21:41:36.129612,Transport,Netflix,252.33,Cash,20,12,2025,5,1,5.534692986630964,2469.707294213529,0.1021700023282936,6,5,0,-1,-0.0150668396451503,1,-2217.3772942135292,-89.78299976717065,Amount is significantly lower than the category average; Transaction occurred on a weekend,Medium
600,2025-02-02 15:34:13.285328,Healthcare,Uber,216.37,Cash,2,2,2025,6,1,5.381600970684774,2581.179936457506,0.0838260041246691,4,8,0,-1,-0.0150606659644638,1,-2364.809936457506,-91.6173995875331,Amount is significantly lower than the category average; Transaction occurred on a weekend,Medium
9053,2026-05-09 09:12:00.432043,Travel,Zomato,206.56,UPI,9,5,2026,5,1,5.3354204544995385,2612.472435275081,0.0790668629497904,7,9,3,-1,-0.0148871639553578,1,-2405.912435275081,-92.09331370502096,Amount is significantly lower than the category average; Transaction occurred on a weekend,Medium
3604,2025-07-16 09:11:43.150315,Travel,Netflix,57.1,Cash,16,7,2025,2,0,4.062165663857866,2612.472435275081,0.0218566899420654,7,5,0,-1,-0.014676185341968,1,-2555.372435275081,-97.81433100579346,Amount is significantly lower than the category average,Medium
4975,2025-09-29 02:38:33.591359,Travel,Myntra,195.12,Cash,29,9,2025,0,0,5.278726716783033,2612.472435275081,0.0746878693782102,7,4,0,-1,-0.0145234992239794,1,-2417.352435275081,-92.53121306217899,Amount is significantly lower than the category average,Medium
9332,2026-05-24 14:10:07.020702,Education,Flipkart,117.17,UPI,24,5,2026,6,1,4.772124265650924,2582.3797758206565,0.0453728770249389,1,2,3,-1,-0.0144369276882591,1,-2465.2097758206564,-95.4627122975061,Amount is significantly lower than the category average; Transaction occurred on a weekend,Medium
5789,2025-11-12 11:27:40.126012,Shopping,Swiggy,44868.81,Credit Card,12,11,2025,2,0,10.711520464505972,2582.691050488599,17.37289095864239,5,7,1,-1,-0.0142375111117484,1,42286.1189495114,1637.289095864239,Amount is significantly higher than the category average; Transaction amount is unusually high,High
6683,2025-12-31 04:55:48.334833,Bills,Airtel,562.49,Debit Card,31,12,2025,2,0,6.334149587093439,2588.439496459481,0.2173085369657606,0,0,2,-1,-0.0141526420031233,1,-2025.9494964594808,-78.26914630342394,Amount is significantly lower than the category average,Medium
8517,2026-04-10 04:02:31.215121,Healthcare,Uber,32096.84,UPI,10,4,2026,4,0,10.376544017134426,2581.179936457506,12.434948663071792,4,8,3,-1,-0.0141388539505742,1,29515.660063542495,1143.4948663071793,Amount is significantly higher than the category average; Transaction amount is unusually high,High
6371,2025-12-14 04:47:35.805580,Education,Uber,364.44,Credit Card,14,12,2025,6,1,5.901102107027591,2582.3797758206565,0.141125640547655,1,8,1,-1,-0.0141062183992209,1,-2217.9397758206565,-85.88743594523449,Amount is significantly lower than the category average; Transaction occurred on a weekend,Medium
2887,2025-06-07 07:15:55.895589,Travel,Amazon,254.85,Cash,7,6,2025,5,1,5.544591335251101,2612.472435275081,0.097551268506749,7,1,0,-1,-0.0141056311079916,1,-2357.622435275081,-90.2448731493251,Amount is significantly lower than the category average; Transaction occurred on a weekend,Medium
2526,2025-05-18 15:01:49.090909,Travel,Reliance,85.51,Debit Card,18,5,2025,6,1,4.460260014192283,2612.472435275081,0.0327314458309284,7,6,2,-1,-0.0138991602882521,1,-2526.9624352750807,-96.72685541690716,Amount is significantly lower than the category average; Transaction occurred on a weekend,Medium
5602,2025-11-02 06:50:26.462646,Bills,Zomato,3642.56,UPI,2,11,2025,6,1,8.20071650465692,2588.439496459481,1.407241701025798,0,9,3,-1,-0.013829482504917,1,1054.1205035405192,40.724170102579805,Transaction occurred on a weekend,Medium
5458,2025-10-25 10:28:11.449144,Transport,Zomato,192.26,Credit Card,25,10,2025,5,1,5.264036432571163,2469.707294213529,0.0778472819230283,6,9,1,-1,-0.0138107507379667,1,-2277.447294213529,-92.21527180769716,Amount is significantly lower than the category average; Transaction occurred on a weekend,Medium
6067,2025-11-27 15:07:17.443744,Travel,Flipkart,124.36,Cash,27,11,2025,3,0,4.831189598047765,2612.472435275081,0.0476024161330167,7,2,0,-1,-0.0137306253878703,1,-2488.1124352750808,-95.23975838669833,Amount is significantly lower than the category average,Medium
6651,2025-12-29 11:04:11.665166,Bills,Swiggy,561.54,Debit Card,29,12,2025,0,0,6.3324622426614114,2588.439496459481,0.2169415204674807,0,7,2,-1,-0.0134574052964439,1,-2026.8994964594808,-78.30584795325193,Amount is significantly lower than the category average,Medium
8330,2026-03-30 23:25:17.551755,Bills,Swiggy,113.54,Credit Card,30,3,2026,0,0,4.740924106965712,2588.439496459481,0.0438642665417918,0,7,1,-1,-0.0134114381029882,1,-2474.899496459481,-95.61357334582083,Amount is significantly lower than the category average,Medium
3277,2025-06-28 13:26:11.557155,Bills,Reliance,8657.26,UPI,28,6,2025,5,1,9.066269057581064,2588.439496459481,3.3445865788408704,0,6,3,-1,-0.0131645231430084,1,6068.820503540519,234.45865788408705,Amount is significantly higher than the category average; Transaction amount is unusually high; Transaction occurred on a weekend,High
5727,2025-11-09 02:21:25.328532,Bills,Myntra,4953.84,UPI,9,11,2025,6,1,8.508120155627195,2588.439496459481,1.9138326419357925,0,4,3,-1,-0.0129943438211483,1,2365.4005035405194,91.38326419357924,Amount is higher than the category average; Transaction amount is unusually high; Transaction occurred on a weekend,Medium
7319,2026-02-03 20:54:04.644464,Food,Flipkart,31871.92,Credit Card,3,2,2026,1,0,10.369512025429572,2555.6312885375496,12.47125128845898,3,2,1,-1,-0.0128666270720815,1,29316.28871146245,1147.125128845898,Amount is significantly higher than the category average; Transaction amount is unusually high,High
7775,2026-02-28 17:24:32.187218,Transport,Myntra,113.23,Cash,28,2,2026,5,1,4.738213959745856,2469.707294213529,0.0458475383966737,6,4,0,-1,-0.0127847693015585,1,-2356.477294213529,-95.41524616033263,Amount is significantly lower than the category average; Transaction occurred on a weekend,Medium
987,2025-02-23 17:49:01.134113,Entertainment,Zomato,163.37,Debit Card,23,2,2025,6,1,5.102119984218434,2666.7235731225296,0.0612624426643164,2,9,2,-1,-0.0126520626877386,1,-2503.3535731225297,-93.87375573356836,Amount is significantly lower than the category average; Transaction occurred on a weekend,Medium
4433,2025-08-30 13:38:08.748874,Education,Flipkart,241.38,Credit Card,30,8,2025,5,1,5.490506742540341,2582.3797758206565,0.0934719216205492,1,2,1,-1,-0.0123392673472578,1,-2340.9997758206564,-90.65280783794508,Amount is significantly lower than the category average; Transaction occurred on a weekend,Medium
4225,2025-08-19 05:32:40.396039,Travel,Netflix,56.22,Credit Card,19,8,2025,1,0,4.0469034876219645,2612.472435275081,0.021519844282713,7,5,1,-1,-0.0122864083649719,1,-2556.252435275081,-97.8480155717287,Amount is significantly lower than the category average,Medium
7813,2026-03-02 19:07:04.482448,Travel,Zomato,298.9,UPI,2,3,2026,0,0,5.703449085754963,2612.472435275081,0.1144126904322828,7,9,3,-1,-0.0121490098099955,1,-2313.572435275081,-88.55873095677171,Amount is significantly lower than the category average,Medium
6640,2025-12-28 20:40:49.684968,Travel,Uber,1071.18,Cash,28,12,2025,6,1,6.977449237983127,2612.472435275081,0.4100253788466135,7,8,0,-1,-0.0119220672158911,1,-1541.2924352750808,-58.99746211533865,Amount is significantly lower than the category average; Transaction occurred on a weekend,Medium
2721,2025-05-29 06:06:56.921692,Healthcare,Uber,66.7,UPI,29,5,2025,3,0,4.215086179918229,2581.179936457506,0.0258408951107613,4,8,3,-1,-0.0118085673977416,1,-2514.479936457506,-97.41591048892387,Amount is significantly lower than the category average,Medium
6230,2025-12-06 12:20:48.604860,Bills,Zomato,2280.24,UPI,6,12,2025,5,1,7.73247443375955,2588.439496459481,0.8809323158292699,0,9,3,-1,-0.0117810077098916,1,-308.199496459481,-11.906768417073007,Transaction occurred on a weekend,Medium
6741,2026-01-03 08:48:06.048604,Bills,Zomato,690.84,UPI,3,1,2026,5,1,6.539354715010789,2588.439496459481,0.2668943975491584,0,9,3,-1,-0.0117324874116462,1,-1897.5994964594806,-73.31056024508416,Amount is significantly lower than the category average; Transaction occurred on a weekend,Medium
8323,2026-03-30 14:15:52.655265,Healthcare,Airtel,100.36,Credit Card,30,3,2026,0,0,4.618678536012884,2581.179936457506,0.0388814427783509,4,0,1,-1,-0.0117106834580844,1,-2480.8199364575057,-96.1118557221649,Amount is significantly lower than the category average,Medium
2275,2025-05-04 22:41:22.088208,Travel,Uber,4991.08,UPI,4,5,2025,6,1,8.51560793556188,2612.472435275081,1.9104814016820288,7,8,3,-1,-0.0116669334413859,1,2378.607564724919,91.04814016820288,Amount is higher than the category average; Transaction amount is unusually high; Transaction occurred on a weekend,Medium
6850,2026-01-09 07:23:16.579657,Travel,Airtel,197.56,Cash,9,1,2026,4,0,5.291091321456297,2612.472435275081,0.0756218505245962,7,0,0,-1,-0.0115650860460403,1,-2414.912435275081,-92.43781494754039,Amount is significantly lower than the category average,Medium
4915,2025-09-25 20:09:17.335733,Education,Reliance,88.65,Cash,25,9,2025,3,0,4.495913200051142,2582.3797758206565,0.0343288004460257,1,6,0,-1,-0.0114510229638069,1,-2493.7297758206564,-96.56711995539742,Amount is significantly lower than the category average,Medium
5999,2025-11-23 22:10:07.020702,Travel,Reliance,294.92,Debit Card,23,11,2025,6,1,5.690089147524199,2612.472435275081,0.1128892293820303,7,6,2,-1,-0.0111823791925811,1,-2317.552435275081,-88.71107706179696,Amount is significantly lower than the category average; Transaction occurred on a weekend,Medium
6661,2025-12-30 00:09:04.374437,Travel,Airtel,857.5,Cash,30,12,2025,1,0,6.75518668033753,2612.472435275081,0.3282331282893361,7,0,0,-1,-0.0111210724033233,1,-1754.972435275081,-67.17668717106639,Amount is significantly lower than the category average,Medium
6498,2025-12-21 02:55:33.213321,Food,Uber,4891.43,Cash,21,12,2025,6,1,8.495444391554182,2555.6312885375496,1.9139811059361005,3,8,0,-1,-0.0108217590342529,1,2335.7987114624507,91.39811059361003,Amount is higher than the category average; Transaction amount is unusually high; Transaction occurred on a weekend,Medium
6807,2026-01-06 23:08:17.929792,Shopping,Uber,69.61,Debit Card,6,1,2026,1,0,4.257171777528256,2582.691050488599,0.0269525075354371,5,8,2,-1,-0.0108177626195996,1,-2513.081050488599,-97.30474924645628,Amount is significantly lower than the category average,Medium
6102,2025-11-29 12:54:21.926192,Transport,Airtel,514.9,Credit Card,29,11,2025,5,1,6.245912948250604,2469.707294213529,0.2084862449920278,6,0,1,-1,-0.0106825830688589,1,-1954.807294213529,-79.15137550079722,Amount is significantly lower than the category average; Transaction occurred on a weekend,Medium
2142,2025-04-27 16:42:29.054905,Transport,Airtel,4967.43,UPI,27,4,2025,6,1,8.510859173812987,2469.707294213529,2.011343616159932,6,0,3,-1,-0.0104241777000594,1,2497.722705786471,101.13436161599319,Amount is significantly higher than the category average; Transaction amount is unusually high; Transaction occurred on a weekend,Medium
5492,2025-10-27 06:56:46.660666,Shopping,Reliance,188.69,Cash,27,10,2025,0,0,5.245391160738632,2582.691050488599,0.0730594547746247,5,6,0,-1,-0.0102809349688588,1,-2394.001050488599,-92.69405452253751,Amount is significantly lower than the category average,Medium
265,2025-01-15 09:20:47.524752,Shopping,Zomato,79.1,Cash,15,1,2025,2,0,4.383275854074314,2582.691050488599,0.0306269694879051,5,9,0,-1,-0.0102363888052017,1,-2503.591050488599,-96.93730305120948,Amount is significantly lower than the category average,Medium
4201,2025-08-17 22:08:57.893789,Travel,Airtel,394.76,Cash,17,8,2025,6,1,5.980807966919453,2612.472435275081,0.1511059005521846,7,0,0,-1,-0.0101899094445574,1,-2217.7124352750807,-84.88940994478152,Amount is significantly lower than the category average; Transaction occurred on a weekend,Medium
1644,2025-03-31 13:15:32.133213,Transport,Netflix,134.88,Cash,31,3,2025,0,0,4.911772143292383,2469.707294213529,0.0546137594183816,6,5,0,-1,-0.0099569288654952,1,-2334.827294213529,-94.53862405816183,Amount is significantly lower than the category average,Medium
843,2025-02-15 21:26:46.120612,Food,Reliance,93.97,Cash,15,2,2025,5,1,4.553561052254861,2555.6312885375496,0.0367697799058384,3,6,0,-1,-0.0098233216872881,1,-2461.66128853755,-96.32302200941616,Amount is significantly lower than the category average; Transaction occurred on a weekend,Medium
7760,2026-02-27 21:47:13.123312,Travel,Local Store,56.76,Credit Card,27,2,2026,4,0,4.05629649458457,2612.472435275081,0.0217265450282247,7,3,1,-1,-0.0098225549617084,1,-2555.7124352750807,-97.82734549717752,Amount is significantly lower than the category average,Medium
5610,2025-11-02 17:18:20.630063,Travel,Netflix,4449.35,UPI,2,11,2025,6,1,8.400738023752798,2612.472435275081,1.7031184482264232,7,5,3,-1,-0.0095897295899148,1,1836.8775647249195,70.31184482264231,Amount is higher than the category average; Transaction occurred on a weekend,Medium
971,2025-02-22 20:53:12.799279,Travel,Amazon,168.99,Debit Card,22,2,2025,5,1,5.135739611790679,2612.472435275081,0.0646858499703964,7,1,2,-1,-0.0094823973890724,1,-2443.482435275081,-93.53141500296037,Amount is significantly lower than the category average; Transaction occurred on a weekend,Medium
4459,2025-08-31 23:38:49.792979,Shopping,Uber,4926.37,UPI,31,8,2025,6,1,8.50256065613192,2582.691050488599,1.9074561779536188,5,8,3,-1,-0.0094329739678831,1,2343.678949511401,90.74561779536188,Amount is higher than the category average; Transaction amount is unusually high; Transaction occurred on a weekend,Medium
8392,2026-04-03 08:31:32.349234,Bills,Flipkart,14732.9,UPI,3,4,2026,4,0,9.597906240196515,2588.439496459481,5.691807755271836,0,2,3,-1,-0.0094130234601138,1,12144.460503540518,469.1807755271836,Amount is significantly higher than the category average; Transaction amount is unusually high,High
6245,2025-12-07 07:58:07.668766,Travel,Zomato,3995.28,Cash,7,12,2025,6,1,8.293119207383722,2612.472435275081,1.5293099157922083,7,9,0,-1,-0.0093389193656305,1,1382.8075647249193,52.930991579220866,Amount is higher than the category average; Transaction occurred on a weekend,Medium
4189,2025-08-17 06:27:06.642664,Travel,Swiggy,198.79,Cash,17,8,2025,6,1,5.297266814911858,2612.472435275081,0.0760926688893727,7,7,0,-1,-0.0092827959182845,1,-2413.682435275081,-92.39073311106273,Amount is significantly lower than the category average; Transaction occurred on a weekend,Medium
4442,2025-08-31 01:24:32.187218,Bills,Flipkart,4884.47,Credit Card,31,8,2025,6,1,8.494020772745342,2588.439496459481,1.8870327108982363,0,2,1,-1,-0.0092754932778744,1,2296.0305035405195,88.70327108982366,Amount is higher than the category average; Transaction amount is unusually high; Transaction occurred on a weekend,Medium
9711,2026-06-14 05:57:00.702070,Education,Netflix,76.25,Debit Card,14,6,2026,6,1,4.347046915777855,2582.3797758206565,0.0295270280204113,1,5,2,-1,-0.0092034373388991,1,-2506.1297758206565,-97.04729719795887,Amount is significantly lower than the category average; Transaction occurred on a weekend,Medium
7128,2026-01-24 11:02:53.897389,Transport,Myntra,127.81,Cash,24,1,2026,5,1,4.858338450407997,2469.707294213529,0.0517510719992835,6,4,0,-1,-0.0091798645156935,1,-2341.897294213529,-94.82489280007165,Amount is significantly lower than the category average; Transaction occurred on a weekend,Medium
5012,2025-10-01 03:02:36.615661,Travel,Myntra,227.52,Cash,1,10,2025,2,0,5.431623733856262,2612.472435275081,0.0870899141089093,7,4,0,-1,-0.0090807026696381,1,-2384.952435275081,-91.29100858910907,Amount is significantly lower than the category average,Medium
3562,2025-07-14 02:15:13.771377,Travel,Zomato,234.64,UPI,14,7,2025,0,0,5.462305216653487,2612.472435275081,0.0898153017163963,7,9,3,-1,-0.0086816884418065,1,-2377.832435275081,-91.01846982836037,Amount is significantly lower than the category average,Medium
574,2025-02-01 05:33:32.241224,Transport,Zomato,4848.01,Credit Card,1,2,2025,5,1,8.486529839384108,2469.707294213529,1.9629897078729868,6,9,1,-1,-0.0085913624840692,1,2378.302705786471,96.29897078729867,Amount is higher than the category average; Transaction amount is unusually high; Transaction occurred on a weekend,Medium
6783,2026-01-05 15:44:35.427542,Travel,Airtel,456.03,UPI,5,1,2026,0,0,6.124749034253855,2612.472435275081,0.17455877958459,7,0,3,-1,-0.0084875365589647,1,-2156.442435275081,-82.544122041541,Amount is significantly lower than the category average,Medium
596,2025-02-02 10:20:16.201620,Entertainment,Zomato,310.65,Credit Card,2,2,2025,6,1,5.741880763254859,2666.7235731225296,0.1164912640856332,2,9,1,-1,-0.0084465291577564,1,-2356.0735731225295,-88.35087359143668,Amount is significantly lower than the category average; Transaction occurred on a weekend,Medium
7133,2026-01-24 17:35:20.252025,Travel,Airtel,4741.87,UPI,24,1,2026,5,1,8.464397716688966,2612.472435275081,1.8150890076284008,7,0,3,-1,-0.0084187885060152,1,2129.397564724919,81.50890076284016,Amount is higher than the category average; Transaction occurred on a weekend,Medium
2378,2025-05-10 13:25:36.993699,Travel,Uber,130.92,Cash,10,5,2025,5,1,4.882195678251343,2612.472435275081,0.0501134474118249,7,8,0,-1,-0.008196299454433,1,-2481.552435275081,-94.9886552588175,Amount is significantly lower than the category average; Transaction occurred on a weekend,Medium
6512,2025-12-21 21:14:23.006300,Travel,Flipkart,4834.0,Credit Card,21,12,2025,6,1,8.483636407887394,2612.472435275081,1.85035445148764,7,2,1,-1,-0.0081718503500535,1,2221.527564724919,85.03544514876394,Amount is higher than the category average; Transaction amount is unusually high; Transaction occurred on a weekend,Medium
7136,2026-01-24 21:30:48.064806,Entertainment,Airtel,259.65,Debit Card,24,1,2026,5,1,5.563178511214115,2666.7235731225296,0.0973666722029121,2,0,2,-1,-0.0081496323228753,1,-2407.0735731225295,-90.26333277970878,Amount is significantly lower than the category average; Transaction occurred on a weekend,Medium
6627,2025-12-28 03:40:29.162916,Shopping,Airtel,999.41,UPI,28,12,2025,6,1,6.908165194955104,2582.691050488599,0.3869645964084358,5,0,3,-1,-0.0080318852555666,1,-1583.2810504885992,-61.303540359156415,Amount is significantly lower than the category average; Transaction occurred on a weekend,Medium
9356,2026-05-25 21:33:49.522952,Shopping,Reliance,77.91,Cash,25,5,2026,0,0,4.368307962532944,2582.691050488599,0.0301662097699455,5,6,0,-1,-0.0080314523774386,1,-2504.7810504885992,-96.98337902300545,Amount is significantly lower than the category average,Medium
7765,2026-02-28 04:19:39.477947,Food,Myntra,72.88,Debit Card,28,2,2026,5,1,4.302442155331039,2555.6312885375496,0.028517415766069,3,4,2,-1,-0.0078957134235639,1,-2482.7512885375495,-97.1482584233931,Amount is significantly lower than the category average; Transaction occurred on a weekend,Medium
5663,2025-11-05 14:38:11.989198,Bills,Amazon,271.39,UPI,5,11,2025,2,0,5.607234862881972,2588.439496459481,0.1048469552296712,0,1,3,-1,-0.0077905705280079,1,-2317.049496459481,-89.51530447703287,Amount is significantly lower than the category average,Medium
8025,2026-03-14 08:26:29.918991,Education,Reliance,92.96,Cash,14,3,2026,5,1,4.542869159790712,2582.3797758206565,0.0359978036036384,1,6,0,-1,-0.0077546487869999,1,-2489.4197758206565,-96.40021963963615,Amount is significantly lower than the category average; Transaction occurred on a weekend,Medium
9450,2026-05-31 00:31:40.990099,Transport,Amazon,4837.68,UPI,31,5,2026,6,1,8.484397235241104,2469.707294213529,1.958807025972098,6,1,3,-1,-0.0077394837449235,1,2367.972705786471,95.8807025972098,Amount is higher than the category average; Transaction amount is unusually high; Transaction occurred on a weekend,Medium
1096,2025-03-01 16:24:11.665166,Transport,Myntra,150.54,UPI,1,3,2025,5,1,5.020849616503227,2469.707294213529,0.0609545918063699,6,4,3,-1,-0.007671875939662,1,-2319.167294213529,-93.904540819363,Amount is significantly lower than the category average; Transaction occurred on a weekend,Medium
4949,2025-09-27 16:37:52.547254,Bills,Amazon,4782.24,UPI,27,9,2025,5,1,8.47287342013417,2588.439496459481,1.847537872351756,0,1,3,-1,-0.0076445428435131,1,2193.800503540519,84.75378723517561,Amount is higher than the category average; Transaction amount is unusually high; Transaction occurred on a weekend,Medium
6284,2025-12-09 10:59:09.234923,Bills,Local Store,178.33,Debit Card,9,12,2025,1,0,5.189227683960333,2588.439496459481,0.0688947917244823,0,3,2,-1,-0.0074275575733302,1,-2410.109496459481,-93.11052082755177,Amount is significantly lower than the category average,Medium
6623,2025-12-27 22:26:32.079207,Transport,Uber,489.27,Debit Card,27,12,2025,5,1,6.194956259756835,2469.707294213529,0.1981084969649436,6,8,2,-1,-0.0074228101787638,1,-1980.4372942135292,-80.18915030350564,Amount is significantly lower than the category average; Transaction occurred on a weekend,Medium
5980,2025-11-22 21:18:50.873087,Travel,Airtel,4548.47,UPI,22,11,2025,5,1,8.422766021643781,2612.472435275081,1.741059518402562,7,0,3,-1,-0.0073461864675471,1,1935.9975647249194,74.10595184025618,Amount is higher than the category average; Transaction occurred on a weekend,Medium
7261,2026-01-31 17:01:46.930693,Bills,Reliance,651.84,Cash,31,1,2026,5,1,6.481332076282495,2588.439496459481,0.2518274044618774,0,6,0,-1,-0.007284138701575,1,-1936.5994964594806,-74.81725955381225,Amount is significantly lower than the category average; Transaction occurred on a weekend,Medium
5220,2025-10-12 11:08:04.968496,Travel,Local Store,431.31,Cash,12,10,2025,6,1,6.0691429234902445,2612.472435275081,0.1650964787900566,7,3,0,-1,-0.0072022108892655,1,-2181.162435275081,-83.49035212099434,Amount is significantly lower than the category average; Transaction occurred on a weekend,Medium
4535,2025-09-05 03:03:54.383438,Bills,Airtel,97.24,Credit Card,5,9,2025,4,0,4.587413464398832,2588.439496459481,0.0375670360976205,0,0,1,-1,-0.0071509073277378,1,-2491.199496459481,-96.24329639023796,Amount is significantly lower than the category average,Medium
5339,2025-10-18 22:48:08.208820,Entertainment,Flipkart,119.7,Credit Card,18,10,2025,5,1,4.793308128103486,2666.7235731225296,0.0448865421247394,2,2,1,-1,-0.0070175032124876,1,-2547.02357312253,-95.51134578752607,Amount is significantly lower than the category average; Transaction occurred on a weekend,Medium
7156,2026-01-25 23:40:33.483348,Bills,Zomato,627.69,Credit Card,25,1,2026,6,1,6.443638289425074,2588.439496459481,0.2424974587424457,0,9,1,-1,-0.0068408724709591,1,-1960.7494964594807,-75.75025412575542,Amount is significantly lower than the category average; Transaction occurred on a weekend,Medium
5683,2025-11-06 16:47:57.407740,Bills,Zomato,376.73,UPI,6,11,2025,3,0,5.934179654681719,2588.439496459481,0.1455432898915732,0,9,3,-1,-0.0066855708161784,1,-2211.7094964594808,-85.44567101084269,Amount is significantly lower than the category average,Medium
2792,2025-06-02 02:59:35.157515,Food,Zomato,11887.17,Cash,2,6,2025,0,0,9.383299066989885,2555.6312885375496,4.651363462842243,3,9,0,-1,-0.006680946136447,1,9331.53871146245,365.13634628422426,Amount is significantly higher than the category average; Transaction amount is unusually high,High
409,2025-01-23 05:43:02.538253,Entertainment,Flipkart,62.91,Credit Card,23,1,2025,3,0,4.157475843662191,2666.7235731225296,0.0235907465753329,2,2,1,-1,-0.0066045222169244,1,-2603.8135731225298,-97.64092534246672,Amount is significantly lower than the category average,Medium
6211,2025-12-05 11:29:32.457245,Bills,Myntra,291.29,Cash,5,12,2025,4,0,5.67774646010536,2588.439496459481,0.1125349850357454,0,4,0,-1,-0.0065861623161617,1,-2297.149496459481,-88.74650149642547,Amount is significantly lower than the category average,Medium
5191,2025-10-10 21:11:56.111611,Education,Airtel,137.22,Cash,10,10,2025,4,0,4.928846618663249,2582.3797758206565,0.053137033245388,1,0,0,-1,-0.0065660394312234,1,-2445.1597758206567,-94.68629667546121,Amount is significantly lower than the category average,Medium
3674,2025-07-20 04:45:52.115211,Transport,Amazon,158.75,Debit Card,20,7,2025,6,1,5.073610093257644,2469.707294213529,0.064278872387812,6,1,2,-1,-0.0065547566607785,1,-2310.957294213529,-93.57211276121879,Amount is significantly lower than the category average; Transaction occurred on a weekend,Medium
581,2025-02-01 14:42:57.137713,Healthcare,Amazon,271.32,UPI,1,2,2025,5,1,5.60697784538501,2581.179936457506,0.1051147175629949,4,1,3,-1,-0.0063525745867012,1,-2309.8599364575057,-89.4885282437005,Amount is significantly lower than the category average; Transaction occurred on a weekend,Medium
9371,2026-05-26 17:11:08.586858,Travel,Amazon,122.39,UPI,26,5,2026,1,0,4.815350070910442,2612.472435275081,0.0468483411910575,7,1,3,-1,-0.006302748736375,1,-2490.082435275081,-95.31516588089424,Amount is significantly lower than the category average,Medium
502,2025-01-28 07:22:24.734473,Bills,Uber,186.09,Credit Card,28,1,2025,1,0,5.231589784497327,2588.439496459481,0.0718927370156952,0,8,1,-1,-0.0060938820757993,1,-2402.3494964594806,-92.81072629843047,Amount is significantly lower than the category average,Medium
6349,2025-12-13 00:00:51.845184,Bills,Myntra,4678.68,UPI,13,12,2025,5,1,8.450985010505567,2588.439496459481,1.807529210707684,0,4,3,-1,-0.0060211230200613,1,2090.2405035405195,80.75292107076841,Amount is higher than the category average; Transaction occurred on a weekend,Medium
7853,2026-03-04 23:26:35.319531,Entertainment,Netflix,57.93,Cash,4,3,2026,2,0,4.076350298849822,2666.7235731225296,0.0217232864267849,2,5,0,-1,-0.0060190159992882,1,-2608.79357312253,-97.8276713573215,Amount is significantly lower than the category average,Medium
583,2025-02-01 17:19:55.679567,Entertainment,Airtel,316.2,Credit Card,1,2,2025,5,1,5.7595324897606925,2666.7235731225296,0.1185724696728705,2,0,1,-1,-0.0060137312796019,1,-2350.52357312253,-88.14275303271296,Amount is significantly lower than the category average; Transaction occurred on a weekend,Medium
6509,2025-12-21 17:18:55.193519,Bills,Uber,1443.94,Cash,21,12,2025,6,1,7.275823077193101,2588.439496459481,0.5578418973961146,0,8,0,-1,-0.0058610210130217,1,-1144.4994964594807,-44.215810260388544,Transaction occurred on a weekend,Medium
7943,2026-03-09 21:10:29.702970,Transport,Uber,77.94,Credit Card,9,3,2026,0,0,4.368688070234701,2469.707294213529,0.0315583956781484,6,8,1,-1,-0.0058519017880421,1,-2391.767294213529,-96.84416043218516,Amount is significantly lower than the category average,Medium
6625,2025-12-28 01:03:30.621062,Shopping,Amazon,4443.91,Cash,28,12,2025,6,1,8.399514900273957,2582.691050488599,1.7206510237294126,5,1,0,-1,-0.0057897449214444,1,1861.2189495114008,72.06510237294125,Amount is higher than the category average; Transaction occurred on a weekend,Medium
4463,2025-09-01 04:52:46.876687,Entertainment,Airtel,374.13,Cash,1,9,2025,0,0,5.927272632562072,2666.7235731225296,0.1402957560996554,2,0,0,-1,-0.0057501968315524,1,-2292.5935731225295,-85.97042439003445,Amount is significantly lower than the category average,Medium
6607,2025-12-27 01:30:43.744374,Bills,Flipkart,728.64,Debit Card,27,12,2025,5,1,6.592551261818714,2588.439496459481,0.2814977908491384,0,2,2,-1,-0.0056337027763512,1,-1859.799496459481,-71.85022091508617,Amount is significantly lower than the category average; Transaction occurred on a weekend,Medium
6610,2025-12-27 05:26:11.557155,Shopping,Reliance,4850.36,Cash,27,12,2025,5,1,8.487014356994463,2582.691050488599,1.8780256349602475,5,6,0,-1,-0.0055121683437459,1,2267.6689495114006,87.80256349602475,Amount is higher than the category average; Transaction amount is unusually high; Transaction occurred on a weekend,Medium
7155,2026-01-25 22:22:04.212421,Transport,Flipkart,4894.05,Cash,25,1,2026,6,1,8.49597976941704,2469.707294213529,1.9816315931311592,6,2,0,-1,-0.0053329818288009,1,2424.342705786471,98.16315931311591,Amount is higher than the category average; Transaction amount is unusually high; Transaction occurred on a weekend,Medium
4470,2025-09-01 14:02:11.773177,Bills,Flipkart,398.14,UPI,1,9,2025,0,0,5.989312232539839,2588.439496459481,0.1538146827633343,0,2,3,-1,-0.0052910675545008,1,-2190.299496459481,-84.61853172366656,Amount is significantly lower than the category average,Medium
6622,2025-12-27 21:08:02.808280,Shopping,Local Store,296.75,Debit Card,27,12,2025,5,1,5.696254208235409,2582.691050488599,0.114899534709682,5,3,2,-1,-0.0052285602779997,1,-2285.941050488599,-88.5100465290318,Amount is significantly lower than the category average; Transaction occurred on a weekend,Medium
2645,2025-05-25 02:41:52.331233,Bills,Netflix,269.01,Cash,25,5,2025,6,1,5.598458995349557,2588.439496459481,0.103927482318191,0,5,0,-1,-0.0052240385305324,1,-2319.429496459481,-89.6072517681809,Amount is significantly lower than the category average; Transaction occurred on a weekend,Medium
2242,2025-05-03 03:31:16.147614,Shopping,Reliance,97.45,UPI,3,5,2025,5,1,4.589548805085134,2582.691050488599,0.0377319617774507,5,6,3,-1,-0.0051835567266196,1,-2485.2410504885993,-96.22680382225492,Amount is significantly lower than the category average; Transaction occurred on a weekend,Medium
9850,2026-06-21 19:46:49.360936,Bills,Zomato,337.79,Debit Card,21,6,2026,6,1,5.825380446403688,2588.439496459481,0.1304994767936573,0,9,2,-1,-0.0051631496065031,1,-2250.649496459481,-86.95005232063427,Amount is significantly lower than the category average; Transaction occurred on a weekend,Medium
3403,2025-07-05 10:15:39.693969,Travel,Zomato,214.82,Credit Card,5,7,2025,5,1,5.374444726935588,2612.472435275081,0.0822286187978019,7,9,1,-1,-0.0051317322445612,1,-2397.6524352750807,-91.77713812021979,Amount is significantly lower than the category average; Transaction occurred on a weekend,Medium
7414,2026-02-09 01:10:25.382538,Healthcare,Myntra,83.78,Cash,9,2,2026,0,0,4.440059665924491,2581.179936457506,0.0324580238737568,4,4,0,-1,-0.0051144706295268,1,-2497.3999364575056,-96.75419761262431,Amount is significantly lower than the category average,Medium
6096,2025-11-29 05:03:26.300630,Food,Netflix,244.83,Credit Card,29,11,2025,5,1,5.504640240131903,2555.6312885375496,0.0958002044731981,3,5,1,-1,-0.0049979712187759,1,-2310.8012885375497,-90.41997955268019,Amount is significantly lower than the category average; Transaction occurred on a weekend,Medium
9862,2026-06-22 11:28:40.612061,Transport,Zomato,133.05,Cash,22,6,2026,0,0,4.898212864681969,2469.707294213529,0.0538727809209347,6,9,0,-1,-0.0049601919327446,1,-2336.657294213529,-94.61272190790652,Amount is significantly lower than the category average,Medium
3163,2025-06-22 08:18:34.671467,Healthcare,Uber,119.73,Cash,22,6,2025,6,1,4.793556647344296,2581.179936457506,0.0463857626928254,4,8,0,-1,-0.0048863158577863,1,-2461.449936457506,-95.36142373071746,Amount is significantly lower than the category average; Transaction occurred on a weekend,Medium
6599,2025-12-26 15:02:49.576957,Bills,Uber,4893.64,Cash,26,12,2025,4,0,8.49589600782699,2588.439496459481,1.890575385939528,0,8,0,-1,-0.0047377436693013,1,2305.2005035405195,89.0575385939528,Amount is higher than the category average; Transaction amount is unusually high,Medium
3417,2025-07-06 04:34:29.486948,Healthcare,Amazon,174.51,Credit Card,6,7,2025,6,1,5.167696021339599,2581.179936457506,0.0676086147792947,4,1,1,-1,-0.004697160775598,1,-2406.669936457506,-93.23913852207053,Amount is significantly lower than the category average; Transaction occurred on a weekend,Medium
8932,2026-05-02 18:54:58.649864,Bills,Flipkart,217.14,Debit Card,2,5,2026,5,1,5.385137058500597,2588.439496459481,0.0838883815121073,0,2,2,-1,-0.0045002733626604,1,-2371.299496459481,-91.61116184878927,Amount is significantly lower than the category average; Transaction occurred on a weekend,Medium
5331,2025-10-18 12:20:14.041404,Transport,Uber,248.55,UPI,18,10,2025,5,1,5.519659295915618,2469.707294213529,0.1006394565794688,6,8,3,-1,-0.0042697399628409,1,-2221.157294213529,-89.93605434205311,Amount is significantly lower than the category average; Transaction occurred on a weekend,Medium
4423,2025-08-30 00:33:16.039603,Food,Flipkart,312.13,UPI,30,8,2025,5,1,5.746618439775514,2555.6312885375496,0.1221342066830834,3,2,3,-1,-0.004269613535912,1,-2243.5012885375495,-87.78657933169166,Amount is significantly lower than the category average; Transaction occurred on a weekend,Medium
5212,2025-10-12 00:40:10.801080,Bills,Swiggy,378.96,Debit Card,12,10,2025,6,1,5.940065984021982,2588.439496459481,0.1464048128296408,0,7,2,-1,-0.004111531875666,1,-2209.4794964594807,-85.35951871703593,Amount is significantly lower than the category average; Transaction occurred on a weekend,Medium
6984,2026-01-16 14:40:38.883888,Entertainment,Reliance,24040.75,Credit Card,16,1,2026,4,0,10.08754718134079,2666.7235731225296,9.015088868716196,2,6,1,-1,-0.0039524670609026,1,21374.02642687747,801.5088868716197,Amount is significantly higher than the category average; Transaction amount is unusually high,High
5625,2025-11-03 12:55:39.693969,Education,Myntra,303.24,Cash,3,11,2025,0,0,5.717816863620004,2582.3797758206565,0.1174265701889773,1,4,0,-1,-0.0037762303612781,1,-2279.1397758206567,-88.25734298110227,Amount is significantly lower than the category average,Medium
3297,2025-06-29 15:35:56.975697,Healthcare,Reliance,120.93,Credit Card,29,6,2025,6,1,4.803447109572174,2581.179936457506,0.046850666352989,4,6,1,-1,-0.003765775342203,1,-2460.249936457506,-95.3149333647011,Amount is significantly lower than the category average; Transaction occurred on a weekend,Medium
5851,2025-11-15 20:33:54.923492,Shopping,Flipkart,237.91,UPI,15,11,2025,5,1,5.476086911973929,2582.691050488599,0.0921170962182997,5,2,3,-1,-0.0037373151849343,1,-2344.7810504885992,-90.78829037817003,Amount is significantly lower than the category average; Transaction occurred on a weekend,Medium
8198,2026-03-23 18:44:53.789378,Travel,Local Store,132.7,Cash,23,3,2026,0,0,4.895598484107897,2612.472435275081,0.0507947943136966,7,3,0,-1,-0.0037118912876132,1,-2479.772435275081,-94.92052056863034,Amount is significantly lower than the category average,Medium
712,2025-02-08 18:04:51.629162,Transport,Uber,4989.29,Cash,8,2,2025,5,1,8.515249303289346,2469.707294213529,2.0201948675010186,6,8,0,-1,-0.0036897904075138,1,2519.582705786471,102.01948675010186,Amount is significantly higher than the category average; Transaction amount is unusually high; Transaction occurred on a weekend,Medium
9213,2026-05-18 02:30:03.780378,Education,Netflix,69.92,Cash,18,5,2026,0,0,4.261552481206008,2582.3797758206565,0.0270758006450774,1,5,0,-1,-0.0036863975907193,1,-2512.4597758206564,-97.29241993549225,Amount is significantly lower than the category average,Medium
6679,2025-12-30 23:41:51.251125,Travel,Uber,4904.12,Cash,30,12,2025,1,0,8.498034836532009,2612.472435275081,1.8771949260714853,7,8,0,-1,-0.0034298588910901,1,2291.647564724919,87.71949260714858,Amount is higher than the category average; Transaction amount is unusually high,Medium
6160,2025-12-02 16:46:39.639964,Shopping,Swiggy,273.53,Debit Card,2,12,2025,1,0,5.615060544595396,2582.691050488599,0.1059089123138646,5,7,2,-1,-0.0032705528945581,1,-2309.1610504885994,-89.40910876861355,Amount is significantly lower than the category average,Medium
4596,2025-09-08 10:51:39.909991,Entertainment,Uber,114.23,Cash,8,9,2025,0,0,4.746930131025923,2666.7235731225296,0.0428353358973181,2,8,0,-1,-0.0032192159080857,1,-2552.4935731225296,-95.71646641026818,Amount is significantly lower than the category average,Medium
7928,2026-03-09 01:33:10.639063,Travel,Myntra,123.42,Cash,9,3,2026,0,0,4.823662939086874,2612.472435275081,0.0472426037241631,7,4,0,-1,-0.0031448105632915,1,-2489.052435275081,-95.27573962758369,Amount is significantly lower than the category average,Medium
8083,2026-03-17 12:18:47.632763,Shopping,Local Store,54.78,Cash,17,3,2026,1,0,4.021415382199343,2582.691050488599,0.0212104347477552,5,3,0,-1,-0.0031293516915252,1,-2527.911050488599,-97.87895652522445,Amount is significantly lower than the category average,Medium
350,2025-01-20 00:32:15.553555,Education,Amazon,149.17,Debit Card,20,1,2025,0,0,5.011767985692189,2582.3797758206565,0.057764547800718,1,1,2,-1,-0.0030663486877567,1,-2433.2097758206564,-94.22354521992818,Amount is significantly lower than the category average,Medium
630,2025-02-04 06:48:51.413141,Education,Zomato,191.54,UPI,4,2,2025,1,0,5.26030392434982,2582.3797758206565,0.0741718943872732,1,9,3,-1,-0.0029926155081282,1,-2390.8397758206565,-92.58281056127268,Amount is significantly lower than the category average,Medium
2753,2025-05-30 23:58:33.591359,Education,Zomato,222.19,Cash,30,5,2025,4,0,5.408023426636094,2582.3797758206565,0.0860407915521992,1,9,0,-1,-0.0029595749655344,1,-2360.1897758206565,-91.39592084478008,Amount is significantly lower than the category average,Medium
2778,2025-06-01 08:40:45.364536,Education,Reliance,243.01,Credit Card,1,6,2025,6,1,5.497209208059954,2582.3797758206565,0.0941031223506905,1,6,1,-1,-0.0029215286599237,1,-2339.3697758206563,-90.58968776493094,Amount is significantly lower than the category average; Transaction occurred on a weekend,Medium
1627,2025-03-30 15:01:14.527452,Food,Local Store,275.73,Cash,30,3,2025,6,1,5.623042301587992,2555.6312885375496,0.1078911505101291,3,3,0,-1,-0.0028514179913344,1,-2279.9012885375496,-89.21088494898709,Amount is significantly lower than the category average; Transaction occurred on a weekend,Medium
6639,2025-12-28 19:22:20.414041,Bills,Netflix,819.81,Credit Card,28,12,2025,6,1,6.710291657578157,2588.439496459481,0.3167197846893282,0,5,1,-1,-0.002788841491395,1,-1768.6294964594808,-68.32802153106718,Amount is significantly lower than the category average; Transaction occurred on a weekend,Medium
5228,2025-10-12 21:35:59.135913,Travel,Airtel,928.36,Cash,12,10,2025,6,1,6.834496177205219,2612.472435275081,0.3553568594503651,7,0,0,-1,-0.0027473400665083,1,-1684.1124352750808,-64.46431405496348,Amount is significantly lower than the category average; Transaction occurred on a weekend,Medium
5204,2025-10-11 14:12:16.633663,Food,Uber,248.3,Cash,11,10,2025,5,1,5.518656990529513,2555.6312885375496,0.0971579903226528,3,8,0,-1,-0.0027422362426595,1,-2307.3312885375494,-90.2842009677347,Amount is significantly lower than the category average; Transaction occurred on a weekend,Medium
3414,2025-07-06 00:39:01.674167,Travel,Zomato,4728.33,Cash,6,7,2025,6,1,8.46153882240418,2612.472435275081,1.809906177824276,7,9,0,-1,-0.0027169084759089,1,2115.857564724919,80.99061778242759,Amount is higher than the category average; Transaction occurred on a weekend,Medium
1524,2025-03-25 00:16:59.621962,Bills,Zomato,288.6,Cash,25,3,2025,1,0,5.668500660511562,2588.439496459481,0.1114957488458791,0,9,0,-1,-0.0026746806289534,1,-2299.839496459481,-88.8504251154121,Amount is significantly lower than the category average,Medium
3443,2025-07-07 14:35:10.531053,Food,Myntra,98.92,Cash,7,7,2025,0,0,4.604369865817322,2555.6312885375496,0.0387066790282594,3,4,0,-1,-0.0025789540387034,1,-2456.7112885375495,-96.12933209717406,Amount is significantly lower than the category average,Medium
1510,2025-03-24 05:58:09.828982,Entertainment,Zomato,226.91,Cash,24,3,2025,0,0,5.42895081418324,2666.7235731225296,0.0850894341982006,2,9,0,-1,-0.0025008552092679,1,-2439.8135731225298,-91.49105658017994,Amount is significantly lower than the category average,Medium
559,2025-01-31 09:56:13.177317,Travel,Zomato,4832.96,UPI,31,1,2025,4,0,8.483421286508465,2612.472435275081,1.8499563611629504,7,9,3,-1,-0.0024634849963584,1,2220.487564724919,84.99563611629503,Amount is higher than the category average; Transaction amount is unusually high,Medium
4690,2025-09-13 13:49:31.377137,Transport,Airtel,353.54,Cash,13,9,2025,5,1,5.870821174585639,2469.707294213529,0.1431505672062177,6,0,0,-1,-0.0023935347856613,1,-2116.167294213529,-85.68494327937822,Amount is significantly lower than the category average; Transaction occurred on a weekend,Medium
5589,2025-11-01 13:50:05.940594,Food,Myntra,283.34,Credit Card,1,11,2025,5,1,5.650170705207552,2555.6312885375496,0.1108688883528813,3,4,1,-1,-0.0022500587015702,1,-2272.2912885375495,-88.91311116471185,Amount is significantly lower than the category average; Transaction occurred on a weekend,Medium
6122,2025-11-30 15:04:07.344734,Food,Airtel,867.44,Debit Card,30,11,2025,6,1,6.766698498666036,2555.6312885375496,0.339422984798558,3,0,2,-1,-0.0021061351071707,1,-1688.1912885375496,-66.05770152014419,Amount is significantly lower than the category average; Transaction occurred on a weekend,Medium
5682,2025-11-06 15:29:28.136813,Entertainment,Amazon,191.52,Cash,6,11,2025,3,0,5.260200044434908,2666.7235731225296,0.071818467399583,2,1,0,-1,-0.002000935877532,1,-2475.2035731225296,-92.8181532600417,Amount is significantly lower than the category average,Medium
7896,2026-03-07 07:41:33.969396,Travel,Uber,4989.93,Cash,7,3,2026,5,1,8.515377544125814,2612.472435275081,1.9100412056499207,7,8,0,-1,-0.0019610994091263,1,2377.4575647249194,91.00412056499209,Amount is higher than the category average; Transaction amount is unusually high; Transaction occurred on a weekend,Medium
3550,2025-07-13 10:33:22.520252,Travel,Airtel,394.7,UPI,13,7,2025,6,1,5.980656348391379,2612.472435275081,0.1510829338026833,7,0,3,-1,-0.0019081669817051,1,-2217.772435275081,-84.89170661973168,Amount is significantly lower than the category average; Transaction occurred on a weekend,Medium
8849,2026-04-28 06:20:29.162916,Travel,Netflix,78.74,Debit Card,28,4,2026,1,0,4.378771341953209,2612.472435275081,0.0301400309288656,7,5,2,-1,-0.001874542025121,1,-2533.732435275081,-96.98599690711343,Amount is significantly lower than the category average,Medium
8183,2026-03-22 23:07:34.725472,Transport,Zomato,244.05,Cash,22,3,2026,6,1,5.501462271355557,2469.707294213529,0.0988173783070584,6,9,0,-1,-0.0018588914101979,1,-2225.657294213529,-90.11826216929416,Amount is significantly lower than the category average; Transaction occurred on a weekend,Medium
6101,2025-11-29 11:35:52.655265,Transport,Netflix,348.71,Debit Card,29,11,2025,5,1,5.857104239599851,2469.707294213529,0.1411948698604972,6,5,2,-1,-0.0018473020346794,1,-2120.997294213529,-85.88051301395028,Amount is significantly lower than the category average; Transaction occurred on a weekend,Medium
2656,2025-05-25 17:05:14.311431,Bills,Uber,4903.27,UPI,25,5,2025,6,1,8.497861533196708,2588.439496459481,1.894295774232618,0,8,3,-1,-0.0018381498959696,1,2314.8305035405197,89.42957742326182,Amount is higher than the category average; Transaction amount is unusually high; Transaction occurred on a weekend,Medium
6139,2025-12-01 13:18:24.950495,Transport,Flipkart,4772.86,Credit Card,1,12,2025,0,0,8.470910480955578,2469.707294213529,1.9325610007237328,6,2,1,-1,-0.0016836322414324,1,2303.1527057864705,93.25610007237324,Amount is higher than the category average; Transaction amount is unusually high,Medium
9604,2026-06-08 09:58:48.712871,Transport,Local Store,108.79,UPI,8,6,2026,0,0,4.698569450246641,2469.707294213529,0.0440497545012288,6,3,3,-1,-0.0016826938813164,1,-2360.917294213529,-95.59502454987711,Amount is significantly lower than the category average,Medium
7347,2026-02-05 09:31:44.230423,Healthcare,Flipkart,35196.04,Debit Card,5,2,2026,3,0,10.468717267141258,2581.179936457506,13.635639849387708,4,2,2,-1,-0.0016579702217697,1,32614.860063542495,1263.563984938771,Amount is significantly higher than the category average; Transaction amount is unusually high,High
4106,2025-08-12 17:52:37.155715,Bills,Flipkart,102.31,UPI,12,8,2025,1,0,4.637734176861354,2588.439496459481,0.039525745198967,0,2,3,-1,-0.001619427348991,1,-2486.129496459481,-96.0474254801033,Amount is significantly lower than the category average,Medium
5982,2025-11-22 23:55:49.414941,Travel,Flipkart,617.46,Cash,22,11,2025,5,1,6.427232517146193,2612.472435275081,0.2363508191178233,7,2,0,-1,-0.0016023561217721,1,-1995.0124352750809,-76.36491808821766,Amount is significantly lower than the category average; Transaction occurred on a weekend,Medium
7589,2026-02-18 14:05:47.794779,Entertainment,Amazon,67.28,UPI,18,2,2026,2,0,4.22361689792624,2666.7235731225296,0.0252294616052837,2,1,3,-1,-0.001529776114467,1,-2599.4435731225294,-97.47705383947162,Amount is significantly lower than the category average,Medium
5089,2025-10-05 07:46:10.477047,Travel,Netflix,4728.43,Cash,5,10,2025,6,1,8.461559966824801,2612.472435275081,1.809944455740112,7,5,0,-1,-0.0015134171684015,1,2115.9575647249194,80.99444557401117,Amount is higher than the category average; Transaction occurred on a weekend,Medium
7792,2026-03-01 15:38:49.792979,Healthcare,Swiggy,150.23,Debit Card,1,3,2026,6,1,5.018801856762649,2581.179936457506,0.0582020640553174,4,7,2,-1,-0.0014847912241304,1,-2430.949936457506,-94.17979359446825,Amount is significantly lower than the category average; Transaction occurred on a weekend,Medium
8026,2026-03-14 09:44:59.189918,Transport,Netflix,97.43,UPI,14,3,2026,5,1,4.58934563564112,2469.707294213529,0.0394500191290993,6,5,3,-1,-0.0014247974914727,1,-2372.2772942135293,-96.05499808709007,Amount is significantly lower than the category average; Transaction occurred on a weekend,Medium
6360,2025-12-13 14:24:13.825382,Shopping,Reliance,325.25,UPI,13,12,2025,5,1,5.787663958636903,2582.691050488599,0.1259345363582951,5,6,3,-1,-0.0014204975287739,1,-2257.441050488599,-87.40654636417048,Amount is significantly lower than the category average; Transaction occurred on a weekend,Medium
4733,2025-09-15 22:04:30.027002,Bills,Myntra,137.69,Cash,15,9,2025,0,0,4.932241226668244,2588.439496459481,0.0531942122612234,0,4,0,-1,-0.0013988733528307,1,-2450.7494964594807,-94.68057877387766,Amount is significantly lower than the category average,Medium
9938,2026-06-26 14:53:45.202520,Transport,Reliance,66.24,Debit Card,26,6,2026,4,0,4.208268308540415,2469.707294213529,0.0268209921698813,6,6,2,-1,-0.0012542606331382,1,-2403.4672942135294,-97.31790078301186,Amount is significantly lower than the category average,Medium
6694,2025-12-31 19:19:10.315031,Travel,Reliance,4954.01,Credit Card,31,12,2025,2,0,8.508154464925523,2612.472435275081,1.8962917782818125,7,6,1,-1,-0.0012217489273181,1,2341.5375647249193,89.62917782818124,Amount is higher than the category average; Transaction amount is unusually high,Medium
6877,2026-01-10 18:42:26.894689,Travel,Netflix,291.16,UPI,10,1,2026,5,1,5.677301597406604,2612.472435275081,0.1114499797466158,7,5,3,-1,-0.0011870401265529,1,-2321.312435275081,-88.85500202533841,Amount is significantly lower than the category average; Transaction occurred on a weekend,Medium
2136,2025-04-27 08:51:33.429342,Bills,Zomato,727.55,UPI,27,4,2025,6,1,6.591056257459863,2588.439496459481,0.2810766877090067,0,9,3,-1,-0.0011603648786197,1,-1860.8894964594808,-71.89233122909934,Amount is significantly lower than the category average; Transaction occurred on a weekend,Medium
3922,2025-08-02 17:10:51.305130,Education,Airtel,4939.19,Cash,2,8,2025,5,1,8.505159070980804,2582.3797758206565,1.9126505118443973,1,0,0,-1,-0.0011333740115473,1,2356.810224179343,91.26505118443977,Amount is higher than the category average; Transaction amount is unusually high; Transaction occurred on a weekend,Medium
4960,2025-09-28 07:01:14.527452,Travel,Flipkart,4590.61,UPI,28,9,2025,6,1,8.43198600407903,2612.472435275081,1.7571898321356376,7,2,3,-1,-0.0011123498725016,1,1978.1375647249188,75.71898321356375,Amount is higher than the category average; Transaction occurred on a weekend,Medium
7585,2026-02-18 08:51:50.711071,Travel,Myntra,57.04,Credit Card,18,2,2026,2,0,4.061132428015987,2612.472435275081,0.0218337231925641,7,4,1,-1,-0.0009466535103697,1,-2555.432435275081,-97.81662768074358,Amount is significantly lower than the category average,Medium
6642,2025-12-28 23:17:48.226822,Travel,Myntra,3909.23,Cash,28,12,2025,6,1,8.271351474778788,2612.472435275081,1.4963717692157683,7,4,0,-1,-0.0008306216653259,1,1296.7575647249191,49.637176921576845,Transaction occurred on a weekend,Medium
4698,2025-09-14 00:17:25.544554,Bills,Reliance,413.55,UPI,14,9,2025,6,1,6.027193594562228,2588.439496459481,0.1597680766985907,0,6,3,-1,-0.0007097771011541,1,-2174.8894964594806,-84.02319233014092,Amount is significantly lower than the category average; Transaction occurred on a weekend,Medium
2243,2025-05-03 04:49:45.418541,Food,Netflix,134.61,UPI,3,5,2025,5,1,4.909783119099854,2555.6312885375496,0.0526719173472907,3,5,3,-1,-0.0006750960686499,1,-2421.0212885375495,-94.73280826527092,Amount is significantly lower than the category average; Transaction occurred on a weekend,Medium
719,2025-02-09 03:14:16.525652,Travel,Myntra,326.98,Cash,9,2,2025,6,1,5.792952630915299,2612.472435275081,0.1251611291988887,7,4,0,-1,-0.0006450832367381,1,-2285.492435275081,-87.48388708011112,Amount is significantly lower than the category average; Transaction occurred on a weekend,Medium
1192,2025-03-06 21:59:01.674167,Shopping,Zomato,98.55,Cash,6,3,2025,3,0,4.600660030510205,2582.691050488599,0.0381578741217832,5,9,0,-1,-0.0006290097073756,1,-2484.141050488599,-96.18421258782168,Amount is significantly lower than the category average,Medium
6254,2025-12-07 19:44:31.107110,Travel,Airtel,2275.19,Cash,7,12,2025,6,1,7.730258271551081,2612.472435275081,0.8708953132975098,7,0,0,-1,-0.0004851685114294,1,-337.28243527508084,-12.910468670249017,Transaction occurred on a weekend,Medium
6478,2025-12-20 00:45:47.794779,Shopping,Zomato,4372.4,Cash,20,12,2025,5,1,8.383296017616223,2582.691050488599,1.6929628494174012,5,9,0,-1,-0.0003126949650472,1,1789.7089495114005,69.29628494174011,Amount is higher than the category average; Transaction occurred on a weekend,Medium
1620,2025-03-30 05:51:49.630963,Bills,Airtel,696.4,Credit Card,30,3,2025,6,1,6.547359134241551,2588.439496459481,0.2690424098969861,0,0,1,-1,-0.0002250360403213,1,-1892.0394964594807,-73.09575901030139,Amount is significantly lower than the category average; Transaction occurred on a weekend,Medium
6637,2025-12-28 16:45:21.872187,Entertainment,Flipkart,4183.72,UPI,28,12,2025,6,1,8.339195075070002,2666.7235731225296,1.5688615206191707,2,2,3,-1,-0.0001369732282846,1,1516.9964268774706,56.88615206191707,Amount is higher than the category average; Transaction occurred on a weekend,Medium
7060,2026-01-20 18:05:43.474347,Entertainment,Airtel,182.29,UPI,20,1,2026,1,0,5.211069597983756,2666.7235731225296,0.0683572912608082,2,0,3,-1,-4.903392629929115e-05,1,-2484.4335731225297,-93.16427087391918,Amount is significantly lower than the category average,Medium
4456,2025-08-31 19:43:21.980198,Bills,Swiggy,748.65,Debit Card,31,8,2025,6,1,6.619606430940912,2588.439496459481,0.2892283173023817,0,7,2,-1,-3.487775774924096e-05,1,-1839.7894964594807,-71.07716826976181,Amount is significantly lower than the category average; Transaction occurred on a weekend,Medium
7264,2026-01-31 20:57:14.743474,Entertainment,Amazon,444.2,Debit Card,31,1,2026,5,1,6.09852361940139,2666.7235731225296,0.1665714453785233,2,1,2,-1,-4.937837102203524e-06,1,-2222.52357312253,-83.34285546214767,Amount is significantly lower than the category average; Transaction occurred on a weekend,Medium
